{"epoch_time":1244.1657075881958,"_runtime":13504.986254848,"val_real_ctr":0.05038959160447121,"_wandb":{"runtime":13505},"_step":31,"test_auc":0.6214805142094965,"val_predicted_ctr":0.10343564301729202,"test_predicted_ctr":0.0663599818944931,"test_real_ctr":0.051562752574682236,"_timestamp":1.7481857252385294e+09,"val_auc":0.5992237296933217,"train_loss":3363.075472533703}